<?xml version='1.1' encoding='UTF-8' standalone='yes' ?>

<metricsData>
  <node name="Non Project">
    <date name="Started">@1600487215655</date>
    <node name="PSP Fundamentals &amp; Advanced">
      <tag name="PspForEngV3" />
      <str name="First_Sized_Project">/Non Project/PSP Fundamentals &amp; Advanced/Program 2</str>
      <str name="Project_List">&#2;/Non Project/PSP Fundamentals &amp; Advanced/Program 1&#2;/Non Project/PSP Fundamentals &amp; Advanced/Program 2&#2;/Non Project/PSP Fundamentals &amp; Advanced/Program 3&#2;/Non Project/PSP Fundamentals &amp; Advanced/Program 4&#2;/Non Project/PSP Fundamentals &amp; Advanced/Program 5&#2;/Non Project/PSP Fundamentals &amp; Advanced/Program 6&#2;/Non Project/PSP Fundamentals &amp; Advanced/Program 7&#2;</str>
      <str name="Sized_Project_List">&#2;/Non Project/PSP Fundamentals &amp; Advanced/Program 2&#2;/Non Project/PSP Fundamentals &amp; Advanced/Program 3&#2;/Non Project/PSP Fundamentals &amp; Advanced/Program 4&#2;/Non Project/PSP Fundamentals &amp; Advanced/Program 5&#2;/Non Project/PSP Fundamentals &amp; Advanced/Program 6&#2;/Non Project/PSP Fundamentals &amp; Advanced/Program 7&#2;</str>
      <date name="Started">@1600487215655</date>
      <num name="Student_Profile_Complete">1</num>
      <node name="Analysis Report">
        <tag name="GENERIC" />
        <tag name="Generic Size Estimating Template Tag" />
        <tag name="Generic Tag" />
        <tag name="Generic with SET" />
        <tag name="Simple Project Tag" />
        <tag name="generic" />
        <str name="Base_Parts_List">0</str>
        <str name="Base_Parts_Prefix_List">&#2;/Non Project/PSP Fundamentals &amp; Advanced/Analysis Report/Base_Parts/0&#2;</str>
        <str name="Dynamic_Phases"></str>
        <num name="Generic - Show SET">1</num>
        <str name="Generic - Show Size">True</str>
        <str name="New_Objects_List">0</str>
        <str name="New_Objects_Prefix_List">&#2;/Non Project/PSP Fundamentals &amp; Advanced/Analysis Report/New Objects/0&#2;</str>
        <num name="PROBE_DISALLOW_SIZE_METHOD_C1">1</num>
        <num name="PROBE_READ_ONLY_SIZE_METHOD_D">1</num>
        <str name="PROBE_SUBSET">/Non Project/PSP Fundamentals &amp; Advanced/Analysis Report/PROBE_SUBSET</str>
        <str name="Process_ID">Generic</str>
        <str name="Process_URLs">,generic/sizeest.class,</str>
        <str name="Reused_Objects_List">0</str>
        <str name="Reused_Objects_Prefix_List">&#2;/Non Project/PSP Fundamentals &amp; Advanced/Analysis Report/Reused Objects/0&#2;</str>
        <str name="Units">Unidad;Unidades</str>
        <node name="Estimated Added &amp; Modified Size">
          <str name="Probe Method">D  </str>
        </node>
        <node name="Estimated Time">
          <str name="Probe Method">D  </str>
        </node>
        <node name="Planning">
          <str name="Node_Type">(Planning)</str>
        </node>
        <node name="Postmortem">
          <str name="Node_Type">(Postmortem)</str>
        </node>
      </node>
      <node name="Program 1">
        <tag name="Has Compile Phase" />
        <tag name="PSP Project" />
        <tag name="PSP Rollup Eligible" />
        <tag name="PSP0" />
        <tag name="PSP0 Tag" />
        <tag name="PspForEngV3_PSP0" />
        <tag name="PspForEngV3_Program" />
        <tag name="Quality Profile Capable" />
        <tag name="Simple Project Tag" />
        <tag name="Size_Estimating_Template_Unlocked" />
        <tag name="psp0" />
        <num name="% COQ">0.151</num>
        <num name="% Failure COQ">0.151</num>
        <num name="CMS_DISALLOW_EDITING">1</num>
        <num name="Defects Injected">3</num>
        <num name="Defects Removed">3</num>
        <num name="Estimated PQI">1</num>
        <num name="Estimated Quality_Profile_1">1</num>
        <num name="Estimated Quality_Profile_2">1</num>
        <num name="Estimated Quality_Profile_3">1</num>
        <num name="Estimated Quality_Profile_4">1</num>
        <num name="Estimated Quality_Profile_5">1</num>
        <num name="PROBE_DISALLOW_SIZE_METHOD_C1">1</num>
        <num name="PROBE_READ_ONLY_SIZE_METHOD_D">1</num>
        <str name="PROBE_SUBSET">/Non Project/PSP Fundamentals &amp; Advanced/Program 1/PROBE_SUBSET</str>
        <str name="PSP Project Document Directory">?????</str>
        <str name="PSP To Date Subset Prefix">/To Date/PSP/All</str>
        <num name="PSP0_HIDE_SIZE_BLOCK_IN_SCRIPT">1</num>
        <str name="Phase_Display_Filter_List">&#2;Planning&#2;Design&#2;Code&#2;Compile&#2;Test&#2;Postmortem&#2;</str>
        <num name="Planning_Is_Done">1</num>
        <str name="Process_ID">PSP0</str>
        <str name="PspForEng_Instr_Script">cms/pspForEng3/instr/grading</str>
        <num name="Quality_Profile_1">0.418</num>
        <num name="Quality_Profile_3">1</num>
        <num name="Quality_Profile_4">1</num>
        <date name="Started">@1600487338709</date>
        <num name="Time">2302</num>
        <num name="Yield">0.667</num>
        <node name="">
          <node name="POST_TOKEN">
            <node name="">
              <str name="Requirements Statement">f87a1801-2a4b-4e86-a64d-0d7d25e662b0</str>
              <node name="Requirements Statement">
                <date name="TS">@1600919909801</date>
              </node>
            </node>
          </node>
        </node>
        <node name="Code Review">
          <num name="Cumulative Defect Removal %">0.667</num>
          <str name="Phase_Color">#00c000</str>
        </node>
        <node name="Code">
          <num name="Combined Defects Injected">1</num>
          <num name="Combined Defects Removed">1</num>
          <num name="Combined Time">574</num>
          <date name="Completed">@1601149316830</date>
          <num name="Cumulative Defect Injection %">1</num>
          <num name="Defects Injected">1</num>
          <num name="Defects Injected per Hour">0.105</num>
          <num name="Defects Removed">1</num>
          <num name="Defects Removed per Hour">0.105</num>
          <str name="Node_Type">(Code)</str>
          <str name="Phase_Color">#66ff66</str>
          <date name="Started">@1600787150478</date>
          <str name="Team_Note">&lt;note author='Gustavo Adolfo Villada Molina' timestamp='@1601149276708' format='text'&gt;Implement&#233; las Clases HashMap, Cola&lt;/note&gt;</str>
          <num name="Time">574</num>
        </node>
        <node name="Compile">
          <date name="Completed">@1601163765524</date>
          <num name="Cumulative Defect Removal %">1</num>
          <num name="Defects Removed">1</num>
          <num name="Defects Removed per Hour">0.25</num>
          <str name="Node_Type">(Compile)</str>
          <str name="Phase_Color">#ffe000</str>
          <date name="Started">@1601149328504</date>
          <num name="Time">240</num>
        </node>
        <node name="Design Review">
          <num name="Cumulative Defect Removal %">0.333</num>
          <str name="Phase_Color">#6666ff</str>
        </node>
        <node name="Design vs Code">
          <num name="Time Ratio">0.418</num>
        </node>
        <node name="Design">
          <num name="Combined Defects Injected">1</num>
          <num name="Combined Time">240</num>
          <date name="Completed">@1600746705356</date>
          <num name="Cumulative Defect Injection %">0.667</num>
          <num name="Defects Injected">1</num>
          <num name="Defects Injected per Hour">0.25</num>
          <str name="Node_Type">(Design)</str>
          <str name="Phase_Color">#aaaaff</str>
          <date name="Started">@1600732276774</date>
          <str name="Team_Note">&lt;note author='Gustavo Adolfo Villada Molina' timestamp='@1601149222364' format='text'&gt;Dise&#241;&#233; toda la interfaz gr&#225;fica del programa y la dej&#233; funcionando correctamente en sus respectivos paquetes y eventos.&lt;/note&gt;</str>
          <num name="Time">240</num>
        </node>
        <node name="HLD Review">
          <str name="Phase_Color">#990099</str>
        </node>
        <node name="HLD">
          <str name="Phase_Color">#cc66ff</str>
        </node>
        <node name="Planning">
          <date name="Completed">@1600732256770</date>
          <num name="Defects Injected">1</num>
          <num name="Defects Injected per Hour">0.053</num>
          <num name="Defects Removed">1</num>
          <num name="Defects Removed per Hour">0.053</num>
          <str name="Node_Type">(Planning)</str>
          <str name="Phase_Color">#cdaa7d</str>
          <date name="Started">@1600487338709</date>
          <str name="Team_Note">&lt;note author='Gustavo Adolfo Villada Molina' timestamp='@1601149246035' format='text'&gt;Se planearon todos los requerimientos que iba a necesitar el programa.&lt;/note&gt;</str>
          <num name="Time">1140</num>
        </node>
        <node name="Postmortem">
          <date name="Completed">@1601163770754</date>
          <str name="Node_Type">(Postmortem)</str>
          <str name="Phase_Color">#996633</str>
        </node>
        <node name="Project">
          <str name="Language">Java</str>
        </node>
        <node name="Reassessment">
          <str name="Phase_Color">#cdaa7d</str>
        </node>
        <node name="Test">
          <date name="Completed">@1601487256869</date>
          <num name="Cumulative Defect Removal %">1</num>
          <str name="Node_Type">(Test)</str>
          <str name="Phase_Color">#ff9900</str>
          <date name="Started">@1601480761645</date>
          <num name="Time">108</num>
        </node>
      </node>
      <node name="Program 2">
        <tag name="Has Compile Phase" />
        <tag name="PSP Project" />
        <tag name="PSP Rollup Eligible" />
        <tag name="PSP1" />
        <tag name="PSP1 Tag" />
        <tag name="PspForEngV3_PSP1" />
        <tag name="PspForEngV3_Program" />
        <tag name="Quality Profile Capable" />
        <tag name="Simple Project Tag" />
        <tag name="Size Estimating Template Tag" />
        <tag name="Size_Estimating_Template_Unlocked" />
        <tag name="psp1" />
        <str name="Base_Additions_Prefix_List"></str>
        <str name="Base_Parts_List">0</str>
        <str name="Base_Parts_Prefix_List">&#2;/Non Project/PSP Fundamentals &amp; Advanced/Program 2/Base_Parts/0&#2;</str>
        <num name="CMS_DISALLOW_EDITING">1</num>
        <num name="Estimated PQI">1</num>
        <num name="Estimated Quality_Profile_1">1</num>
        <num name="Estimated Quality_Profile_2">1</num>
        <num name="Estimated Quality_Profile_3">1</num>
        <num name="Estimated Quality_Profile_4">1</num>
        <num name="Estimated Quality_Profile_5">1</num>
        <str name="New_Objects_List">0</str>
        <str name="New_Objects_Prefix_List">&#2;/Non Project/PSP Fundamentals &amp; Advanced/Program 2/New Objects/0&#2;</str>
        <num name="PQI">1</num>
        <num name="PROBE_DISALLOW_SIZE_METHOD_C1">1</num>
        <num name="PROBE_READ_ONLY_SIZE_METHOD_D">1</num>
        <str name="PROBE_SUBSET">/Non Project/PSP Fundamentals &amp; Advanced/Program 2/PROBE_SUBSET</str>
        <str name="PSP Project Document Directory">?????</str>
        <str name="PSP To Date Subset Prefix">/To Date/PSP/All</str>
        <str name="Phase_Display_Filter_List">&#2;Planning&#2;Design&#2;Code&#2;Compile&#2;Test&#2;Postmortem&#2;</str>
        <str name="Previous_Program">/Non Project/PSP Fundamentals &amp; Advanced/Program 1</str>
        <str name="Previous_Programs_List">&#2;/Non Project/PSP Fundamentals &amp; Advanced/Program 1&#2;</str>
        <str name="Process_ID">PSP1</str>
        <str name="PspForEng_Instr_Script">cms/pspForEng3/instr/grading</str>
        <num name="Quality_Profile_1">1</num>
        <num name="Quality_Profile_2">1</num>
        <num name="Quality_Profile_3">1</num>
        <num name="Quality_Profile_4">1</num>
        <num name="Quality_Profile_5">1</num>
        <str name="Reused_Objects_List">0</str>
        <str name="Reused_Objects_Prefix_List">&#2;/Non Project/PSP Fundamentals &amp; Advanced/Program 2/Reused Objects/0&#2;</str>
        <str name="Size Units">LOC</str>
        <num name="This_Program_Index">1</num>
        <str name="To_Date_Past_Programs_List">&#2;/Non Project/PSP Fundamentals &amp; Advanced/Program 1&#2;</str>
        <node name="Code Review">
          <str name="Phase_Color">#00c000</str>
        </node>
        <node name="Code">
          <str name="Node_Type">(Code)</str>
          <str name="Phase_Color">#66ff66</str>
        </node>
        <node name="Compile">
          <str name="Node_Type">(Compile)</str>
          <str name="Phase_Color">#ffe000</str>
        </node>
        <node name="Design Review">
          <str name="Phase_Color">#6666ff</str>
        </node>
        <node name="Design">
          <str name="Node_Type">(Design)</str>
          <str name="Phase_Color">#aaaaff</str>
        </node>
        <node name="Estimated Added &amp; Modified Size">
          <str name="Probe Method">D  </str>
        </node>
        <node name="Estimated New &amp; Changed LOC">
          <str name="Probe Method">D  </str>
        </node>
        <node name="Estimated Time">
          <str name="Probe Method">D  </str>
        </node>
        <node name="HLD Review">
          <str name="Phase_Color">#990099</str>
        </node>
        <node name="HLD">
          <str name="Phase_Color">#cc66ff</str>
        </node>
        <node name="PROBE_SUBSET">
          <str name="Rollup_List">&#2;/Non Project/PSP Fundamentals &amp; Advanced/Program 1&#2;</str>
        </node>
        <node name="Planning">
          <str name="Node_Type">(Planning)</str>
          <str name="Phase_Color">#cdaa7d</str>
        </node>
        <node name="Postmortem">
          <str name="Node_Type">(Postmortem)</str>
          <str name="Phase_Color">#996633</str>
        </node>
        <node name="Project">
          <str name="Language">Java</str>
        </node>
        <node name="Reassessment">
          <str name="Phase_Color">#cdaa7d</str>
        </node>
        <node name="Test">
          <str name="Node_Type">(Test)</str>
          <str name="Phase_Color">#ff9900</str>
        </node>
      </node>
      <node name="Program 3">
        <tag name="Has Compile Phase" />
        <tag name="PSP Project" />
        <tag name="PSP Rollup Eligible" />
        <tag name="PSP2" />
        <tag name="PSP2 Tag" />
        <tag name="Phase_Sum_Problem_Capable" />
        <tag name="PspForEngV3_PSP2" />
        <tag name="PspForEngV3_Program" />
        <tag name="Quality Profile Capable" />
        <tag name="Simple Project Tag" />
        <tag name="Size Estimating Template Tag" />
        <tag name="Size_Estimating_Template_Unlocked" />
        <tag name="psp2" />
        <str name="Base_Additions_Prefix_List"></str>
        <str name="Base_Parts_List">0</str>
        <str name="Base_Parts_Prefix_List">&#2;/Non Project/PSP Fundamentals &amp; Advanced/Program 3/Base_Parts/0&#2;</str>
        <num name="CMS_DISALLOW_EDITING">1</num>
        <num name="Estimated PQI">1</num>
        <num name="Estimated Quality_Profile_1">1</num>
        <num name="Estimated Quality_Profile_2">1</num>
        <num name="Estimated Quality_Profile_3">1</num>
        <num name="Estimated Quality_Profile_4">1</num>
        <num name="Estimated Quality_Profile_5">1</num>
        <str name="New_Objects_List">0</str>
        <str name="New_Objects_Prefix_List">&#2;/Non Project/PSP Fundamentals &amp; Advanced/Program 3/New Objects/0&#2;</str>
        <num name="PQI">1</num>
        <num name="PROBE_DISALLOW_SIZE_METHOD_C1">1</num>
        <num name="PROBE_READ_ONLY_SIZE_METHOD_D">1</num>
        <str name="PROBE_SUBSET">/Non Project/PSP Fundamentals &amp; Advanced/Program 3/PROBE_SUBSET</str>
        <str name="PSP Project Document Directory">?????</str>
        <str name="PSP To Date Subset Prefix">/To Date/PSP/All</str>
        <str name="Previous_Program">/Non Project/PSP Fundamentals &amp; Advanced/Program 2</str>
        <str name="Previous_Programs_List">&#2;/Non Project/PSP Fundamentals &amp; Advanced/Program 1&#2;/Non Project/PSP Fundamentals &amp; Advanced/Program 2&#2;</str>
        <str name="Process_ID">PSP2</str>
        <str name="PspForEng_Instr_Script">cms/pspForEng3/instr/grading</str>
        <num name="Quality_Profile_1">1</num>
        <num name="Quality_Profile_2">1</num>
        <num name="Quality_Profile_3">1</num>
        <num name="Quality_Profile_4">1</num>
        <num name="Quality_Profile_5">1</num>
        <str name="Reused_Objects_List">0</str>
        <str name="Reused_Objects_Prefix_List">&#2;/Non Project/PSP Fundamentals &amp; Advanced/Program 3/Reused Objects/0&#2;</str>
        <str name="Size Units">LOC</str>
        <num name="This_Program_Index">2</num>
        <str name="To_Date_Past_Programs_List">&#2;/Non Project/PSP Fundamentals &amp; Advanced/Program 1&#2;/Non Project/PSP Fundamentals &amp; Advanced/Program 2&#2;</str>
        <node name="Code Review">
          <str name="Node_Type">(Code Review)</str>
          <str name="Phase_Color">#00c000</str>
        </node>
        <node name="Code">
          <str name="Node_Type">(Code)</str>
          <str name="Phase_Color">#66ff66</str>
        </node>
        <node name="Compile">
          <str name="Node_Type">(Compile)</str>
          <str name="Phase_Color">#ffe000</str>
        </node>
        <node name="Design Review">
          <str name="Node_Type">(Design Review)</str>
          <str name="Phase_Color">#6666ff</str>
        </node>
        <node name="Design">
          <str name="Node_Type">(Design)</str>
          <str name="Phase_Color">#aaaaff</str>
        </node>
        <node name="Estimated Added &amp; Modified Size">
          <str name="Probe Method">D  </str>
        </node>
        <node name="Estimated New &amp; Changed LOC">
          <str name="Probe Method">D  </str>
        </node>
        <node name="Estimated Time">
          <str name="Probe Method">D  </str>
        </node>
        <node name="HLD Review">
          <str name="Phase_Color">#990099</str>
        </node>
        <node name="HLD">
          <str name="Phase_Color">#cc66ff</str>
        </node>
        <node name="PROBE_SUBSET">
          <str name="Rollup_List">&#2;/Non Project/PSP Fundamentals &amp; Advanced/Program 1&#2;/Non Project/PSP Fundamentals &amp; Advanced/Program 2&#2;</str>
        </node>
        <node name="Planning">
          <str name="Node_Type">(Planning)</str>
          <str name="Phase_Color">#cdaa7d</str>
        </node>
        <node name="Postmortem">
          <str name="Node_Type">(Postmortem)</str>
          <str name="Phase_Color">#996633</str>
        </node>
        <node name="Project">
          <str name="Language">Java</str>
        </node>
        <node name="Reassessment">
          <str name="Phase_Color">#cdaa7d</str>
        </node>
        <node name="Test">
          <str name="Node_Type">(Test)</str>
          <str name="Phase_Color">#ff9900</str>
        </node>
      </node>
      <node name="Program 4">
        <tag name="Has Compile Phase" />
        <tag name="PSP Project" />
        <tag name="PSP Rollup Eligible" />
        <tag name="PSP2" />
        <tag name="PSP2 Tag" />
        <tag name="PspForEngV3_PSP2" />
        <tag name="PspForEngV3_Program" />
        <tag name="Quality Profile Capable" />
        <tag name="Simple Project Tag" />
        <tag name="Size Estimating Template Tag" />
        <tag name="Size_Estimating_Template_Unlocked" />
        <tag name="psp2" />
        <str name="Base_Additions_Prefix_List"></str>
        <str name="Base_Parts_List">0</str>
        <str name="Base_Parts_Prefix_List">&#2;/Non Project/PSP Fundamentals &amp; Advanced/Program 4/Base_Parts/0&#2;</str>
        <num name="CMS_DISALLOW_EDITING">1</num>
        <num name="Estimated PQI">1</num>
        <num name="Estimated Quality_Profile_1">1</num>
        <num name="Estimated Quality_Profile_2">1</num>
        <num name="Estimated Quality_Profile_3">1</num>
        <num name="Estimated Quality_Profile_4">1</num>
        <num name="Estimated Quality_Profile_5">1</num>
        <str name="New_Objects_List">0</str>
        <str name="New_Objects_Prefix_List">&#2;/Non Project/PSP Fundamentals &amp; Advanced/Program 4/New Objects/0&#2;</str>
        <num name="PQI">1</num>
        <num name="PROBE_DISALLOW_SIZE_METHOD_C1">1</num>
        <num name="PROBE_READ_ONLY_SIZE_METHOD_D">1</num>
        <str name="PROBE_SUBSET">/Non Project/PSP Fundamentals &amp; Advanced/Program 4/PROBE_SUBSET</str>
        <str name="PSP Project Document Directory">?????</str>
        <str name="PSP To Date Subset Prefix">/To Date/PSP/All</str>
        <str name="Previous_Program">/Non Project/PSP Fundamentals &amp; Advanced/Program 3</str>
        <str name="Previous_Programs_List">&#2;/Non Project/PSP Fundamentals &amp; Advanced/Program 1&#2;/Non Project/PSP Fundamentals &amp; Advanced/Program 2&#2;/Non Project/PSP Fundamentals &amp; Advanced/Program 3&#2;</str>
        <str name="Process_ID">PSP2</str>
        <str name="PspForEng_Instr_Script">cms/pspForEng3/instr/grading</str>
        <num name="Quality_Profile_1">1</num>
        <num name="Quality_Profile_2">1</num>
        <num name="Quality_Profile_3">1</num>
        <num name="Quality_Profile_4">1</num>
        <num name="Quality_Profile_5">1</num>
        <str name="Reused_Objects_List">0</str>
        <str name="Reused_Objects_Prefix_List">&#2;/Non Project/PSP Fundamentals &amp; Advanced/Program 4/Reused Objects/0&#2;</str>
        <str name="Size Units">LOC</str>
        <num name="This_Program_Index">3</num>
        <str name="To_Date_Past_Programs_List">&#2;/Non Project/PSP Fundamentals &amp; Advanced/Program 1&#2;/Non Project/PSP Fundamentals &amp; Advanced/Program 2&#2;/Non Project/PSP Fundamentals &amp; Advanced/Program 3&#2;</str>
        <node name="Code Review">
          <str name="Node_Type">(Code Review)</str>
          <str name="Phase_Color">#00c000</str>
        </node>
        <node name="Code">
          <str name="Node_Type">(Code)</str>
          <str name="Phase_Color">#66ff66</str>
        </node>
        <node name="Compile">
          <str name="Node_Type">(Compile)</str>
          <str name="Phase_Color">#ffe000</str>
        </node>
        <node name="Design Review">
          <str name="Node_Type">(Design Review)</str>
          <str name="Phase_Color">#6666ff</str>
        </node>
        <node name="Design">
          <str name="Node_Type">(Design)</str>
          <str name="Phase_Color">#aaaaff</str>
        </node>
        <node name="Estimated Added &amp; Modified Size">
          <str name="Probe Method">D  </str>
        </node>
        <node name="Estimated New &amp; Changed LOC">
          <str name="Probe Method">D  </str>
        </node>
        <node name="Estimated Time">
          <str name="Probe Method">D  </str>
        </node>
        <node name="HLD Review">
          <str name="Phase_Color">#990099</str>
        </node>
        <node name="HLD">
          <str name="Phase_Color">#cc66ff</str>
        </node>
        <node name="PROBE_SUBSET">
          <str name="Rollup_List">&#2;/Non Project/PSP Fundamentals &amp; Advanced/Program 1&#2;/Non Project/PSP Fundamentals &amp; Advanced/Program 2&#2;/Non Project/PSP Fundamentals &amp; Advanced/Program 3&#2;</str>
        </node>
        <node name="Planning">
          <str name="Node_Type">(Planning)</str>
          <str name="Phase_Color">#cdaa7d</str>
        </node>
        <node name="Postmortem">
          <str name="Node_Type">(Postmortem)</str>
          <str name="Phase_Color">#996633</str>
        </node>
        <node name="Project">
          <str name="Language">Java</str>
        </node>
        <node name="Reassessment">
          <str name="Phase_Color">#cdaa7d</str>
        </node>
        <node name="Test">
          <str name="Node_Type">(Test)</str>
          <str name="Phase_Color">#ff9900</str>
        </node>
      </node>
      <node name="Program 5">
        <tag name="Has Compile Phase" />
        <tag name="PSP Project" />
        <tag name="PSP Rollup Eligible" />
        <tag name="PSP2.1" />
        <tag name="PSP2.1 Tag" />
        <tag name="PspForEngV3_PSP2.1" />
        <tag name="PspForEngV3_Program" />
        <tag name="Quality Profile Capable" />
        <tag name="Simple Project Tag" />
        <tag name="Size Estimating Template Tag" />
        <tag name="Size_Estimating_Template_Unlocked" />
        <tag name="psp2.1" />
        <str name="Base_Additions_Prefix_List"></str>
        <str name="Base_Parts_List">0</str>
        <str name="Base_Parts_Prefix_List">&#2;/Non Project/PSP Fundamentals &amp; Advanced/Program 5/Base_Parts/0&#2;</str>
        <num name="CMS_DISALLOW_EDITING">1</num>
        <num name="Estimated PQI">1</num>
        <num name="Estimated Quality_Profile_1">1</num>
        <num name="Estimated Quality_Profile_2">1</num>
        <num name="Estimated Quality_Profile_3">1</num>
        <num name="Estimated Quality_Profile_4">1</num>
        <num name="Estimated Quality_Profile_5">1</num>
        <str name="New_Objects_List">0</str>
        <str name="New_Objects_Prefix_List">&#2;/Non Project/PSP Fundamentals &amp; Advanced/Program 5/New Objects/0&#2;</str>
        <num name="PQI">1</num>
        <num name="PROBE_DISALLOW_SIZE_METHOD_C1">1</num>
        <num name="PROBE_READ_ONLY_SIZE_METHOD_D">1</num>
        <str name="PROBE_SUBSET">/Non Project/PSP Fundamentals &amp; Advanced/Program 5/PROBE_SUBSET</str>
        <str name="PSP Project Document Directory">?????</str>
        <str name="PSP To Date Subset Prefix">/To Date/PSP/All</str>
        <str name="Previous_Program">/Non Project/PSP Fundamentals &amp; Advanced/Program 4</str>
        <str name="Previous_Programs_List">&#2;/Non Project/PSP Fundamentals &amp; Advanced/Program 1&#2;/Non Project/PSP Fundamentals &amp; Advanced/Program 2&#2;/Non Project/PSP Fundamentals &amp; Advanced/Program 3&#2;/Non Project/PSP Fundamentals &amp; Advanced/Program 4&#2;</str>
        <str name="Process_ID">PSP2.1</str>
        <str name="PspForEng_Instr_Script">cms/pspForEng3/instr/grading</str>
        <num name="Quality_Profile_1">1</num>
        <num name="Quality_Profile_2">1</num>
        <num name="Quality_Profile_3">1</num>
        <num name="Quality_Profile_4">1</num>
        <num name="Quality_Profile_5">1</num>
        <str name="Reused_Objects_List">0</str>
        <str name="Reused_Objects_Prefix_List">&#2;/Non Project/PSP Fundamentals &amp; Advanced/Program 5/Reused Objects/0&#2;</str>
        <str name="Size Units">LOC</str>
        <num name="This_Program_Index">4</num>
        <str name="To_Date_Past_Programs_List">&#2;/Non Project/PSP Fundamentals &amp; Advanced/Program 1&#2;/Non Project/PSP Fundamentals &amp; Advanced/Program 2&#2;/Non Project/PSP Fundamentals &amp; Advanced/Program 3&#2;/Non Project/PSP Fundamentals &amp; Advanced/Program 4&#2;</str>
        <node name="Code Review">
          <str name="Node_Type">(Code Review)</str>
          <str name="Phase_Color">#00c000</str>
        </node>
        <node name="Code">
          <str name="Node_Type">(Code)</str>
          <str name="Phase_Color">#66ff66</str>
        </node>
        <node name="Compile">
          <str name="Node_Type">(Compile)</str>
          <str name="Phase_Color">#ffe000</str>
        </node>
        <node name="Design Review">
          <str name="Node_Type">(Design Review)</str>
          <str name="Phase_Color">#6666ff</str>
        </node>
        <node name="Design">
          <str name="Node_Type">(Design)</str>
          <str name="Phase_Color">#aaaaff</str>
        </node>
        <node name="Estimated Added &amp; Modified Size">
          <str name="Probe Method">D  </str>
        </node>
        <node name="Estimated New &amp; Changed LOC">
          <str name="Probe Method">D  </str>
        </node>
        <node name="Estimated Time">
          <str name="Probe Method">D  </str>
        </node>
        <node name="HLD Review">
          <str name="Phase_Color">#990099</str>
        </node>
        <node name="HLD">
          <str name="Phase_Color">#cc66ff</str>
        </node>
        <node name="PROBE_SUBSET">
          <str name="Rollup_List">&#2;/Non Project/PSP Fundamentals &amp; Advanced/Program 1&#2;/Non Project/PSP Fundamentals &amp; Advanced/Program 2&#2;/Non Project/PSP Fundamentals &amp; Advanced/Program 3&#2;/Non Project/PSP Fundamentals &amp; Advanced/Program 4&#2;</str>
        </node>
        <node name="Planning">
          <str name="Node_Type">(Planning)</str>
          <str name="Phase_Color">#cdaa7d</str>
        </node>
        <node name="Postmortem">
          <str name="Node_Type">(Postmortem)</str>
          <str name="Phase_Color">#996633</str>
        </node>
        <node name="Project">
          <str name="Language">Java</str>
        </node>
        <node name="Reassessment">
          <str name="Phase_Color">#cdaa7d</str>
        </node>
        <node name="Test">
          <str name="Node_Type">(Test)</str>
          <str name="Phase_Color">#ff9900</str>
        </node>
      </node>
      <node name="Program 6">
        <tag name="Has Compile Phase" />
        <tag name="PSP Project" />
        <tag name="PSP Rollup Eligible" />
        <tag name="PSP2.1" />
        <tag name="PSP2.1 Tag" />
        <tag name="PspForEngV3_PSP2.1" />
        <tag name="PspForEngV3_Program" />
        <tag name="Quality Profile Capable" />
        <tag name="Simple Project Tag" />
        <tag name="Size Estimating Template Tag" />
        <tag name="Size_Estimating_Template_Unlocked" />
        <tag name="psp2.1" />
        <str name="Base_Additions_Prefix_List"></str>
        <str name="Base_Parts_List">0</str>
        <str name="Base_Parts_Prefix_List">&#2;/Non Project/PSP Fundamentals &amp; Advanced/Program 6/Base_Parts/0&#2;</str>
        <num name="CMS_DISALLOW_EDITING">1</num>
        <num name="Estimated PQI">1</num>
        <num name="Estimated Quality_Profile_1">1</num>
        <num name="Estimated Quality_Profile_2">1</num>
        <num name="Estimated Quality_Profile_3">1</num>
        <num name="Estimated Quality_Profile_4">1</num>
        <num name="Estimated Quality_Profile_5">1</num>
        <str name="New_Objects_List">0</str>
        <str name="New_Objects_Prefix_List">&#2;/Non Project/PSP Fundamentals &amp; Advanced/Program 6/New Objects/0&#2;</str>
        <num name="PQI">1</num>
        <num name="PROBE_DISALLOW_SIZE_METHOD_C1">1</num>
        <num name="PROBE_READ_ONLY_SIZE_METHOD_D">1</num>
        <str name="PROBE_SUBSET">/Non Project/PSP Fundamentals &amp; Advanced/Program 6/PROBE_SUBSET</str>
        <str name="PSP Project Document Directory">?????</str>
        <str name="PSP To Date Subset Prefix">/To Date/PSP/All</str>
        <str name="Previous_Program">/Non Project/PSP Fundamentals &amp; Advanced/Program 5</str>
        <str name="Previous_Programs_List">&#2;/Non Project/PSP Fundamentals &amp; Advanced/Program 1&#2;/Non Project/PSP Fundamentals &amp; Advanced/Program 2&#2;/Non Project/PSP Fundamentals &amp; Advanced/Program 3&#2;/Non Project/PSP Fundamentals &amp; Advanced/Program 4&#2;/Non Project/PSP Fundamentals &amp; Advanced/Program 5&#2;</str>
        <str name="Process_ID">PSP2.1</str>
        <str name="PspForEng_Instr_Script">cms/pspForEng3/instr/grading</str>
        <num name="Quality_Profile_1">1</num>
        <num name="Quality_Profile_2">1</num>
        <num name="Quality_Profile_3">1</num>
        <num name="Quality_Profile_4">1</num>
        <num name="Quality_Profile_5">1</num>
        <str name="Reused_Objects_List">0</str>
        <str name="Reused_Objects_Prefix_List">&#2;/Non Project/PSP Fundamentals &amp; Advanced/Program 6/Reused Objects/0&#2;</str>
        <str name="Size Units">LOC</str>
        <num name="This_Program_Index">5</num>
        <str name="To_Date_Past_Programs_List">&#2;/Non Project/PSP Fundamentals &amp; Advanced/Program 1&#2;/Non Project/PSP Fundamentals &amp; Advanced/Program 2&#2;/Non Project/PSP Fundamentals &amp; Advanced/Program 3&#2;/Non Project/PSP Fundamentals &amp; Advanced/Program 4&#2;/Non Project/PSP Fundamentals &amp; Advanced/Program 5&#2;</str>
        <node name="Code Review">
          <str name="Node_Type">(Code Review)</str>
          <str name="Phase_Color">#00c000</str>
        </node>
        <node name="Code">
          <str name="Node_Type">(Code)</str>
          <str name="Phase_Color">#66ff66</str>
        </node>
        <node name="Compile">
          <str name="Node_Type">(Compile)</str>
          <str name="Phase_Color">#ffe000</str>
        </node>
        <node name="Design Review">
          <str name="Node_Type">(Design Review)</str>
          <str name="Phase_Color">#6666ff</str>
        </node>
        <node name="Design">
          <str name="Node_Type">(Design)</str>
          <str name="Phase_Color">#aaaaff</str>
        </node>
        <node name="Estimated Added &amp; Modified Size">
          <str name="Probe Method">D  </str>
        </node>
        <node name="Estimated New &amp; Changed LOC">
          <str name="Probe Method">D  </str>
        </node>
        <node name="Estimated Time">
          <str name="Probe Method">D  </str>
        </node>
        <node name="HLD Review">
          <str name="Phase_Color">#990099</str>
        </node>
        <node name="HLD">
          <str name="Phase_Color">#cc66ff</str>
        </node>
        <node name="PROBE_SUBSET">
          <str name="Rollup_List">&#2;/Non Project/PSP Fundamentals &amp; Advanced/Program 1&#2;/Non Project/PSP Fundamentals &amp; Advanced/Program 2&#2;/Non Project/PSP Fundamentals &amp; Advanced/Program 3&#2;/Non Project/PSP Fundamentals &amp; Advanced/Program 4&#2;/Non Project/PSP Fundamentals &amp; Advanced/Program 5&#2;</str>
        </node>
        <node name="Planning">
          <str name="Node_Type">(Planning)</str>
          <str name="Phase_Color">#cdaa7d</str>
        </node>
        <node name="Postmortem">
          <str name="Node_Type">(Postmortem)</str>
          <str name="Phase_Color">#996633</str>
        </node>
        <node name="Project">
          <str name="Language">Java</str>
        </node>
        <node name="Reassessment">
          <str name="Phase_Color">#cdaa7d</str>
        </node>
        <node name="Test">
          <str name="Node_Type">(Test)</str>
          <str name="Phase_Color">#ff9900</str>
        </node>
      </node>
      <node name="Program 7">
        <tag name="Has Compile Phase" />
        <tag name="PSP Project" />
        <tag name="PSP Rollup Eligible" />
        <tag name="PSP2.1" />
        <tag name="PSP2.1 Tag" />
        <tag name="PspForEngV3_PSP2.1" />
        <tag name="PspForEngV3_Program" />
        <tag name="Quality Profile Capable" />
        <tag name="Simple Project Tag" />
        <tag name="Size Estimating Template Tag" />
        <tag name="Size_Estimating_Template_Unlocked" />
        <tag name="psp2.1" />
        <str name="Base_Additions_Prefix_List"></str>
        <str name="Base_Parts_List">0</str>
        <str name="Base_Parts_Prefix_List">&#2;/Non Project/PSP Fundamentals &amp; Advanced/Program 7/Base_Parts/0&#2;</str>
        <num name="CMS_DISALLOW_EDITING">1</num>
        <num name="Estimated PQI">1</num>
        <num name="Estimated Quality_Profile_1">1</num>
        <num name="Estimated Quality_Profile_2">1</num>
        <num name="Estimated Quality_Profile_3">1</num>
        <num name="Estimated Quality_Profile_4">1</num>
        <num name="Estimated Quality_Profile_5">1</num>
        <str name="New_Objects_List">0</str>
        <str name="New_Objects_Prefix_List">&#2;/Non Project/PSP Fundamentals &amp; Advanced/Program 7/New Objects/0&#2;</str>
        <num name="PQI">1</num>
        <num name="PROBE_DISALLOW_SIZE_METHOD_C1">1</num>
        <num name="PROBE_READ_ONLY_SIZE_METHOD_D">1</num>
        <str name="PROBE_SUBSET">/Non Project/PSP Fundamentals &amp; Advanced/Program 7/PROBE_SUBSET</str>
        <str name="PSP Project Document Directory">?????</str>
        <str name="PSP To Date Subset Prefix">/To Date/PSP/All</str>
        <str name="Previous_Program">/Non Project/PSP Fundamentals &amp; Advanced/Program 6</str>
        <str name="Previous_Programs_List">&#2;/Non Project/PSP Fundamentals &amp; Advanced/Program 1&#2;/Non Project/PSP Fundamentals &amp; Advanced/Program 2&#2;/Non Project/PSP Fundamentals &amp; Advanced/Program 3&#2;/Non Project/PSP Fundamentals &amp; Advanced/Program 4&#2;/Non Project/PSP Fundamentals &amp; Advanced/Program 5&#2;/Non Project/PSP Fundamentals &amp; Advanced/Program 6&#2;</str>
        <str name="Process_ID">PSP2.1</str>
        <str name="PspForEng_Instr_Script">cms/pspForEng3/instr/grading</str>
        <num name="Quality_Profile_1">1</num>
        <num name="Quality_Profile_2">1</num>
        <num name="Quality_Profile_3">1</num>
        <num name="Quality_Profile_4">1</num>
        <num name="Quality_Profile_5">1</num>
        <str name="Reused_Objects_List">0</str>
        <str name="Reused_Objects_Prefix_List">&#2;/Non Project/PSP Fundamentals &amp; Advanced/Program 7/Reused Objects/0&#2;</str>
        <str name="Size Units">LOC</str>
        <num name="This_Program_Index">6</num>
        <str name="To_Date_Past_Programs_List">&#2;/Non Project/PSP Fundamentals &amp; Advanced/Program 1&#2;/Non Project/PSP Fundamentals &amp; Advanced/Program 2&#2;/Non Project/PSP Fundamentals &amp; Advanced/Program 3&#2;/Non Project/PSP Fundamentals &amp; Advanced/Program 4&#2;/Non Project/PSP Fundamentals &amp; Advanced/Program 5&#2;/Non Project/PSP Fundamentals &amp; Advanced/Program 6&#2;</str>
        <node name="Code Review">
          <str name="Node_Type">(Code Review)</str>
          <str name="Phase_Color">#00c000</str>
        </node>
        <node name="Code">
          <str name="Node_Type">(Code)</str>
          <str name="Phase_Color">#66ff66</str>
        </node>
        <node name="Compile">
          <str name="Node_Type">(Compile)</str>
          <str name="Phase_Color">#ffe000</str>
        </node>
        <node name="Design Review">
          <str name="Node_Type">(Design Review)</str>
          <str name="Phase_Color">#6666ff</str>
        </node>
        <node name="Design">
          <str name="Node_Type">(Design)</str>
          <str name="Phase_Color">#aaaaff</str>
        </node>
        <node name="Estimated Added &amp; Modified Size">
          <str name="Probe Method">D  </str>
        </node>
        <node name="Estimated New &amp; Changed LOC">
          <str name="Probe Method">D  </str>
        </node>
        <node name="Estimated Time">
          <str name="Probe Method">D  </str>
        </node>
        <node name="HLD Review">
          <str name="Phase_Color">#990099</str>
        </node>
        <node name="HLD">
          <str name="Phase_Color">#cc66ff</str>
        </node>
        <node name="PROBE_SUBSET">
          <str name="Rollup_List">&#2;/Non Project/PSP Fundamentals &amp; Advanced/Program 1&#2;/Non Project/PSP Fundamentals &amp; Advanced/Program 2&#2;/Non Project/PSP Fundamentals &amp; Advanced/Program 3&#2;/Non Project/PSP Fundamentals &amp; Advanced/Program 4&#2;/Non Project/PSP Fundamentals &amp; Advanced/Program 5&#2;/Non Project/PSP Fundamentals &amp; Advanced/Program 6&#2;</str>
        </node>
        <node name="Planning">
          <str name="Node_Type">(Planning)</str>
          <str name="Phase_Color">#cdaa7d</str>
        </node>
        <node name="Postmortem">
          <str name="Node_Type">(Postmortem)</str>
          <str name="Phase_Color">#996633</str>
        </node>
        <node name="Project">
          <str name="Language">Java</str>
        </node>
        <node name="Reassessment">
          <str name="Phase_Color">#cdaa7d</str>
        </node>
        <node name="Test">
          <str name="Node_Type">(Test)</str>
          <str name="Phase_Color">#ff9900</str>
        </node>
      </node>
      <node name="Project">
        <str name="Language">Java</str>
      </node>
      <node name="Student Profile">
        <tag name="PspForEngV3_Student_Profile" />
        <str name="EmpSoftwareIndustry">other</str>
        <num name="HighLevelLangCount">1</num>
        <str name="HighestDegree">Bachiller</str>
        <num name="KLOCTotalExp">30</num>
        <num name="LOCProjectLangExp">30</num>
        <num name="LangExpJava">1</num>
        <num name="Profile_Date">1</num>
        <str name="Profile_Initials">GAVM</str>
        <str name="Profile_Instructor">Juan Manuel Reyes</str>
        <str name="Profile_Organization">Universidad ICESI</str>
        <str name="ProjectLang">Java</str>
        <date name="Started">@1600487215655</date>
        <num name="Time">1</num>
      </node>
    </node>
  </node>
</metricsData>
