<?xml version='1.0' encoding='UTF-8' standalone='yes' ?>

<archive type="dashboardDataExport">
  <exported byOwner="Gustavo Adolfo Villada Molina" byUser="User" when="@1600793840800">
    <fromDataset datasetID="82e040a5-f42e-4bf3-9764-80d3f4b59d07" location="C:\pspdata" />
    <withPackage packageID="pspForEng" version="3.2" />
    <withPackage packageID="importPSP" version="1.3" />
    <withPackage packageID="l10nTool" version="1.2" />
    <withPackage packageID="pspProc" version="2.10" />
    <withPackage packageID="dashHelpExt" version="1.0" />
    <withPackage packageID="pspdash" version="2.2" />
    <withPackage packageID="processdash-extra" version="2.2" />
    <withPackage packageID="dashHelp" version="2.0.5" />
  </exported>
  <file name="data.xml" type="metrics" version="1" />
  <file name="defects.xml" type="defects" version="1" />
  <file name="time.xml" type="timeLog" version="1" />
</archive>
