<?xml version='1.0' encoding='UTF-8' ?>
<timeLogEntries>
  <time id="1" path="/Non Project/PSP Fundamentals &amp; Advanced/Student Profile" start="@1600487215655" delta="1" />
  <time id="2" path="/Non Project/PSP Fundamentals &amp; Advanced/Program 1/Planning" start="@1600487338709" delta="900" />
  <time id="3" path="/Non Project/PSP Fundamentals &amp; Advanced/Program 1/Planning" start="@1600717840474" delta="240" />
  <time id="4" path="/Non Project/PSP Fundamentals &amp; Advanced/Program 1/Design" start="@1600732276774" delta="240" />
  <time id="5" path="/Non Project/PSP Fundamentals &amp; Advanced/Program 1/Code" start="@1600787150478" delta="369" interrupt="459" />
  <time id="6" path="/Non Project/PSP Fundamentals &amp; Advanced/Program 1/Code" start="@1600907808099" delta="201" />
  <time id="7" path="/Non Project/PSP Fundamentals &amp; Advanced/Program 1/Test" start="@1601480761645" delta="108" />
  <time id="8" path="/Non Project/PSP Fundamentals &amp; Advanced/Program 1/Code" start="@1601148880935" delta="4" />
  <time id="9" path="/Non Project/PSP Fundamentals &amp; Advanced/Program 1/Compile" start="@1601149328504" delta="240" />
</timeLogEntries>
