<?xml version='1.0' encoding='UTF-8' ?>
<timeLogEntries>
  <time id="1" path="/Non Project/PSP Fundamentals &amp; Advanced/Program 1/Postmortem" start="@1601524781223" delta="2" interrupt="1" flag="A" />
  <time id="2" path="/Non Project/PSP Fundamentals &amp; Advanced/Program 1/Planning" start="@1600315825000" delta="3290" flag="A" />
  <time id="3" path="/Non Project/PSP Fundamentals &amp; Advanced/Program 1/Design" start="@1601525524559" delta="7200" flag="A" />
  <time id="4" path="/Non Project/PSP Fundamentals &amp; Advanced/Program 1/Design" start="@1600660800000" delta="7200" flag="A" />
  <time id="5" path="/Non Project/PSP Fundamentals &amp; Advanced/Program 1/Design" start="@1600660800000" delta="3000" flag="A" />
  <time id="6" path="/Non Project/PSP Fundamentals &amp; Advanced/Program 1/Code" start="@1600747200000" delta="120" flag="A" />
  <time id="7" path="/Non Project/PSP Fundamentals &amp; Advanced/Program 1/Code" start="@1600740000000" delta="60" flag="A" />
  <time id="8" path="/Non Project/PSP Fundamentals &amp; Advanced/Program 1/Code" start="@1600830000000" delta="240" flag="A" />
  <time id="9" path="/Non Project/PSP Fundamentals &amp; Advanced/Program 1/Code" start="@1600826400000" delta="300" flag="A" />
  <time id="10" path="/Non Project/PSP Fundamentals &amp; Advanced/Program 1/Code" start="@1600833600000" delta="300" flag="A" />
  <time id="11" path="/Non Project/PSP Fundamentals &amp; Advanced/Program 1/Test" start="@1601082000000" delta="20" flag="A" />
  <time id="12" path="/Non Project/PSP Fundamentals &amp; Advanced/Program 1/Code" start="@1601092800000" delta="360" flag="A" />
  <time id="13" path="/Non Project/PSP Fundamentals &amp; Advanced/Program 1/Code" start="@1601035200000" delta="720" flag="A" />
</timeLogEntries>
